#,Name,Team,Type,PA,G,WAR,SLG,OBP,HR,RBI,SB,R,BB%,K%,AVG,Salary (Per Season)
1,Aaron Judge,NYY,Batter,429,96,7.4,0.733,0.462,35,81,6,85,0.161,0.254,0.355,40000000
2,Cal Raleigh,SEA,Batter,417,94,6.2,0.634,0.376,38,82,10,65,0.149,0.252,0.259,2666666
3,Pete Crow-Armstrong,CHC,Batter,394,93,5,0.555,0.308,25,71,27,67,0.046,0.226,0.27,771000
4,Bobby Witt Jr.,KCR,Batter,420,97,4.8,0.504,0.345,14,54,25,57,0.071,0.19,0.294,8111111
5,Fernando Tatis Jr.,SDP,Batter,413,94,4.1,0.451,0.366,16,42,21,65,0.123,0.174,0.269,20714285
6,Shohei Ohtani,LAD,Batter,428,93,4.1,0.599,0.379,31,59,12,88,0.14,0.252,0.273,28216944
7,Jeremy Peña,HOU,Batter,350,82,4,0.489,0.378,11,40,15,48,0.057,0.157,0.322,4100000
8,Byron Buxton,MIN,Batter,333,78,4,0.574,0.351,21,56,17,64,0.081,0.261,0.289,15142857
9,Kyle Tucker,CHC,Batter,414,93,3.9,0.504,0.387,17,55,22,68,0.143,0.145,0.284,16500000
10,Trea Turner,PHI,Batter,423,94,3.8,0.433,0.343,11,40,24,62,0.069,0.165,0.289,27272727
11,José Ramírez,CLE,Batter,391,92,3.7,0.506,0.363,18,50,29,54,0.09,0.113,0.295,19100000
12,James Wood,WSN,Batter,420,95,3.7,0.534,0.381,24,69,12,59,0.14,0.276,0.278,764600
13,Francisco Lindor,NYM,Batter,430,95,3.6,0.457,0.33,19,54,15,63,0.077,0.177,0.26,34150000
14,Corbin Carroll,ARI,Batter,361,80,3.6,0.55,0.324,21,47,11,62,0.086,0.258,0.245,5625000
15,Elly De La Cruz,CIN,Batter,415,97,3.6,0.495,0.359,18,63,25,72,0.101,0.243,0.284,770000
16,Ceddanne Rafaela,BOS,Batter,341,92,3.4,0.483,0.314,14,48,13,55,0.047,0.194,0.271,1250000
17,Ketel Marte,ARI,Batter,297,68,3.2,0.567,0.394,19,40,2,52,0.135,0.152,0.29,14000000
18,Will Smith,LAD,Batter,292,72,3.2,0.537,0.414,12,45,2,43,0.137,0.188,0.32,12927716
19,Manny Machado,SDP,Batter,408,96,3.1,0.49,0.35,17,56,8,57,0.088,0.169,0.292,17090909
20,Geraldo Perdomo,ARI,Batter,427,96,3.1,0.413,0.37,10,65,13,53,0.136,0.119,0.265,2550000
21,Alejandro Kirk,TOR,Batter,319,81,3,0.408,0.361,7,45,0,25,0.085,0.094,0.303,4600000
22,Riley Greene,DET,Batter,397,95,3,0.544,0.335,24,78,1,53,0.068,0.315,0.284,812400
23,CJ Abrams,WSN,Batter,364,82,3,0.483,0.353,12,33,20,61,0.066,0.162,0.287,780600
24,Zach McKinstry,DET,Batter,331,88,3,0.472,0.364,8,31,15,49,0.103,0.218,0.285,1650000
25,Cody Bellinger,NYY,Batter,375,88,3,0.494,0.336,16,54,9,54,0.077,0.144,0.282,27500000
26,Pete Alonso,NYM,Batter,423,97,3,0.532,0.376,21,77,1,53,0.109,0.227,0.28,30000000
27,Kyle Stowers,MIA,Batter,346,91,2.9,0.543,0.368,19,54,4,46,0.098,0.28,0.293,768200
28,Juan Soto,NYM,Batter,423,96,2.9,0.509,0.396,23,56,11,70,0.182,0.184,0.262,61875000
29,Julio Rodríguez,SEA,Batter,431,95,2.9,0.417,0.313,14,50,17,63,0.065,0.216,0.252,20235714
30,Jacob Wilson,ATH,Batter,366,87,2.9,0.462,0.375,9,42,5,44,0.055,0.077,0.332,760000
31,Andy Pages,LAD,Batter,370,91,2.9,0.48,0.322,17,59,8,44,0.041,0.2,0.286,770000
32,Eugenio Suárez,ARI,Batter,391,95,2.8,0.569,0.32,31,78,1,58,0.064,0.269,0.25,15000000
33,Randy Arozarena,SEA,Batter,412,94,2.8,0.463,0.357,17,48,16,53,0.104,0.274,0.251,11300000
34,Carlos Narváez,BOS,Batter,285,73,2.8,0.439,0.347,8,31,1,38,0.105,0.235,0.273,763500
35,Michael Busch,CHC,Batter,334,88,2.8,0.561,0.38,19,59,3,45,0.102,0.222,0.296,780500
36,Matt Olson,ATL,Batter,420,95,2.8,0.468,0.362,17,61,0,52,0.133,0.236,0.262,22000000
37,Kyle Schwarber,PHI,Batter,426,96,2.8,0.545,0.378,30,69,9,66,0.155,0.263,0.247,20000000
38,Isaac Paredes,HOU,Batter,403,92,2.7,0.468,0.357,19,49,0,51,0.119,0.166,0.257,6625000
39,J.P. Crawford,SEA,Batter,409,93,2.7,0.391,0.391,7,37,5,44,0.134,0.169,0.29,11000000
40,Jazz Chisholm Jr.,NYY,Batter,271,65,2.7,0.513,0.348,17,43,10,39,0.118,0.269,0.25,5850000
41,Sal Frelick,MIL,Batter,385,93,2.6,0.404,0.354,7,39,17,46,0.068,0.127,0.294,771800
42,Corey Seager,TEX,Batter,285,65,2.6,0.473,0.372,13,30,1,39,0.133,0.2,0.266,32500000
43,Masyn Winn,STL,Batter,358,85,2.6,0.378,0.317,7,32,5,55,0.075,0.179,0.255,770850
44,Jake Meyers,HOU,Batter,322,89,2.5,0.405,0.369,3,21,14,47,0.084,0.18,0.308,2300000
45,Maikel Garcia,KCR,Batter,386,95,2.5,0.454,0.354,8,40,18,40,0.08,0.135,0.297,774750
46,Brendan Donovan,STL,Batter,388,89,2.5,0.43,0.367,8,36,3,51,0.088,0.134,0.297,2850000
47,Matt Chapman,SFG,Batter,307,73,2.5,0.424,0.349,12,31,7,42,0.137,0.238,0.237,25166666
48,Nico Hoerner,CHC,Batter,378,92,2.4,0.377,0.331,3,39,16,52,0.056,0.074,0.283,11500000
49,Seiya Suzuki,CHC,Batter,398,90,2.4,0.56,0.324,25,77,2,53,0.08,0.264,0.269,19000000
50,Xander Bogaerts,SDP,Batter,379,94,2.4,0.369,0.344,5,31,15,39,0.108,0.164,0.266,25454545
51,Gunnar Henderson,BAL,Batter,371,88,2.4,0.455,0.348,11,31,10,49,0.089,0.24,0.28,782300
52,Carson Kelly,CHC,Batter,230,61,2.3,0.526,0.374,12,33,0,35,0.135,0.161,0.276,5000000
53,Alex Bregman,BOS,Batter,234,53,2.3,0.546,0.38,11,35,1,32,0.094,0.184,0.298,25000000
54,Austin Wells,NYY,Batter,289,78,2.3,0.455,0.284,14,53,3,30,0.066,0.239,0.226,801400
55,Gleyber Torres,DET,Batter,359,84,2.3,0.425,0.387,9,45,4,51,0.142,0.128,0.281,15000000
56,Ronald Acuña Jr.,ATL,Batter,193,45,2.3,0.59,0.435,12,22,4,39,0.166,0.269,0.323,17000000
57,Ernie Clement,TOR,Batter,342,94,2.3,0.387,0.328,4,25,3,44,0.058,0.102,0.288,1970000
58,Jonathan Aranda,TBR,Batter,358,91,2.3,0.492,0.399,11,49,0,48,0.092,0.237,0.324,766500
59,Ryan O'Hearn,BAL,Batter,319,82,2.2,0.458,0.382,11,34,3,38,0.122,0.163,0.286,8000000
60,Max Muncy,LAD,Batter,306,79,2.2,0.462,0.376,13,55,4,38,0.16,0.216,0.253,760000
61,TJ Friedl,CIN,Batter,411,93,2.1,0.406,0.368,9,33,10,55,0.112,0.158,0.276,780000
62,Lawrence Butler,ATH,Batter,408,93,2.1,0.433,0.326,13,40,16,55,0.1,0.275,0.251,2678571
63,Steven Kwan,CLE,Batter,404,92,2.1,0.396,0.345,6,32,11,43,0.082,0.084,0.285,4175000
64,Jackson Chourio,MIL,Batter,424,95,2.1,0.461,0.297,16,62,16,65,0.042,0.205,0.264,4250000
65,Brent Rooker,ATH,Batter,426,98,2.1,0.505,0.355,20,54,3,60,0.101,0.216,0.279,4000000
66,Sean Murphy,ATL,Batter,225,60,2.1,0.513,0.311,16,38,0,23,0.08,0.32,0.231,15000000
67,Vladimir Guerrero Jr.,TOR,Batter,414,94,2.1,0.434,0.384,12,46,5,59,0.135,0.143,0.277,28550000
68,Brandon Nimmo,NYM,Batter,383,93,2.1,0.463,0.321,18,53,10,46,0.076,0.191,0.259,20500000
69,Otto Lopez,MIA,Batter,328,79,2.1,0.392,0.32,11,48,10,41,0.088,0.137,0.25,778500
70,Wilyer Abreu,BOS,Batter,301,83,2,0.496,0.326,18,52,5,41,0.096,0.236,0.256,780000
71,Wyatt Langford,TEX,Batter,332,76,2,0.433,0.322,15,38,15,41,0.102,0.262,0.242,773500
72,Zach Neto,LAA,Batter,328,77,2,0.492,0.326,15,33,17,61,0.049,0.265,0.279,780000
73,Austin Riley,ATL,Batter,408,93,2,0.441,0.324,14,48,2,51,0.061,0.277,0.274,22000000
74,Dillon Dingler,DET,Batter,265,72,2,0.414,0.306,8,36,0,26,0.034,0.238,0.265,762600
75,Mauricio Dubón,HOU,Batter,214,72,2,0.415,0.292,6,20,2,26,0.051,0.089,0.255,5000000
76,Junior Caminero,TBR,Batter,384,91,2,0.499,0.292,23,60,5,55,0.055,0.203,0.252,764100
77,Bo Bichette,TOR,Batter,420,93,2,0.443,0.324,12,53,4,44,0.055,0.162,0.282,17583334
78,Addison Barger,TOR,Batter,266,72,2,0.506,0.317,13,40,3,38,0.071,0.248,0.261,760000
79,Hunter Goodman,COL,Batter,345,85,2,0.517,0.325,17,52,1,46,0.058,0.267,0.277,765000
80,Dansby Swanson,CHC,Batter,393,93,1.9,0.428,0.298,16,46,7,54,0.066,0.262,0.251,28000000
81,Marcus Semien,TEX,Batter,401,96,1.9,0.378,0.317,12,49,7,48,0.1,0.19,0.239,26000000
82,Freddie Freeman,LAD,Batter,356,84,1.9,0.476,0.365,10,49,1,46,0.093,0.225,0.297,22704674
83,Gabriel Moreno,ARI,Batter,188,53,1.9,0.414,0.324,5,20,1,29,0.069,0.17,0.27,793000
84,Drake Baldwin,ATL,Batter,211,65,1.9,0.479,0.351,11,32,0,21,0.09,0.161,0.279,760000
85,Josh Smith,TEX,Batter,341,84,1.9,0.416,0.353,8,24,9,45,0.094,0.167,0.277,780500
86,Harrison Bader,MIN,Batter,266,84,1.9,0.436,0.331,11,34,8,27,0.083,0.244,0.254,6250000
87,Ramón Laureano,BAL,Batter,237,68,1.9,0.517,0.35,11,35,4,35,0.084,0.257,0.284,4000000
88,Willson Contreras,STL,Batter,384,91,1.9,0.426,0.339,12,55,4,46,0.081,0.245,0.253,18000000
89,William Contreras,MIL,Batter,390,90,1.8,0.347,0.351,6,37,5,48,0.144,0.182,0.245,6000000
90,Rafael Devers,SFG,Batter,443,98,1.8,0.46,0.384,17,68,1,55,0.165,0.248,0.255,31318182
91,Trent Grisham,NYY,Batter,309,79,1.8,0.464,0.353,16,33,0,44,0.133,0.227,0.251,5000000
92,Brice Turang,MIL,Batter,392,93,1.8,0.366,0.345,6,39,17,57,0.099,0.212,0.274,777100
93,Spencer Torkelson,DET,Batter,383,91,1.8,0.489,0.337,21,59,1,55,0.115,0.24,0.234,785700
94,Patrick Bailey,SFG,Batter,250,76,1.8,0.297,0.267,2,26,0,24,0.08,0.312,0.203,780000
95,Oneil Cruz,PIT,Batter,360,85,1.7,0.414,0.319,16,37,29,49,0.131,0.322,0.212,785000
96,Isaac Collins,MIL,Batter,228,76,1.7,0.389,0.363,5,23,10,31,0.127,0.237,0.259,761100
97,George Springer,TOR,Batter,356,90,1.7,0.49,0.363,16,53,11,53,0.124,0.197,0.27,24166666
98,Cam Smith,HOU,Batter,323,82,1.7,0.418,0.347,7,39,4,39,0.084,0.276,0.277,760000
99,Victor Scott II,STL,Batter,323,90,1.7,0.32,0.318,4,31,24,40,0.084,0.272,0.235,764150
100,Javier Báez,DET,Batter,284,79,1.7,0.442,0.31,10,39,2,42,0.032,0.222,0.275,25050000
101,Iván Herrera,STL,Batter,175,43,1.6,0.529,0.394,8,36,3,22,0.097,0.183,0.32,770300
102,Jake Cronenworth,SDP,Batter,270,71,1.6,0.404,0.354,8,29,2,29,0.137,0.204,0.238,11285714
103,Trevor Story,BOS,Batter,384,94,1.6,0.417,0.298,15,58,16,50,0.047,0.279,0.257,22500000
104,Tyler Heineman,TOR,Batter,94,35,1.6,0.463,0.38,2,13,2,18,0.064,0.202,0.329,780300
105,Mookie Betts,LAD,Batter,391,89,1.6,0.381,0.315,11,45,6,56,0.092,0.107,0.244,26173581
106,Jung Hoo Lee,SFG,Batter,385,92,1.6,0.403,0.317,6,40,6,49,0.083,0.114,0.249,17250000
107,Willy Adames,SFG,Batter,408,96,1.6,0.373,0.307,12,48,4,53,0.11,0.262,0.22,13142857
108,Bryce Harper,PHI,Batter,302,68,1.6,0.451,0.374,10,35,9,38,0.142,0.199,0.261,27538462
109,Yandy Díaz,TBR,Batter,404,91,1.5,0.454,0.339,14,53,3,43,0.072,0.136,0.285,10000000
110,Colt Keith,DET,Batter,295,85,1.5,0.434,0.346,8,30,0,43,0.112,0.203,0.264,3833333
111,Alec Bohm,PHI,Batter,379,91,1.5,0.395,0.327,8,42,2,39,0.058,0.164,0.281,7700000
112,Josh Naylor,ARI,Batter,369,87,1.4,0.456,0.361,11,58,11,46,0.095,0.125,0.294,10900000
113,Tyler Soderstrom,ATH,Batter,395,97,1.4,0.462,0.339,18,56,5,50,0.094,0.233,0.262,765000
114,Jackson Merrill,SDP,Batter,272,64,1.4,0.416,0.328,7,32,1,33,0.085,0.217,0.263,809500
115,Jose Altuve,HOU,Batter,396,93,1.4,0.465,0.336,17,52,6,50,0.083,0.157,0.277,33000000
116,Jeff McNeil,NYM,Batter,229,63,1.4,0.465,0.341,9,31,1,21,0.1,0.114,0.253,15750000
117,Nolan Schanuel,LAA,Batter,396,92,1.4,0.401,0.364,8,40,4,45,0.109,0.119,0.275,780000
118,Jarren Duran,BOS,Batter,438,97,1.4,0.431,0.318,8,50,16,52,0.068,0.235,0.258,3750000
119,Evan Carter,TEX,Batter,151,42,1.4,0.425,0.351,4,18,12,24,0.093,0.185,0.269,760000
120,Brandon Lowe,TBR,Batter,343,84,1.4,0.487,0.324,19,50,3,54,0.07,0.248,0.272,10500000
121,Caleb Durbin,MIL,Batter,272,74,1.4,0.363,0.348,4,32,8,34,0.07,0.092,0.261,760000
122,Mike Yastrzemski,SFG,Batter,337,88,1.4,0.381,0.342,8,28,6,36,0.128,0.231,0.244,9250000
123,Christian Yelich,MIL,Batter,386,91,1.4,0.458,0.339,19,65,14,49,0.096,0.262,0.259,24093136
124,Ben Rice,NYY,Batter,302,78,1.3,0.466,0.326,14,31,3,43,0.089,0.205,0.235,782800
125,Taylor Ward,LAA,Batter,407,94,1.3,0.468,0.297,21,65,2,53,0.093,0.265,0.224,7825000
126,Nick Allen,ATL,Batter,283,86,1.3,0.27,0.309,0,15,6,25,0.085,0.223,0.238,780000
127,Willi Castro,MIN,Batter,290,74,1.3,0.435,0.356,9,24,8,41,0.1,0.245,0.265,6400000
128,Paul Goldschmidt,NYY,Batter,367,91,1.3,0.431,0.345,8,36,5,55,0.076,0.166,0.287,12500000
129,Alec Burleson,STL,Batter,316,85,1.2,0.466,0.34,11,43,4,31,0.07,0.133,0.293,778650
130,J.T. Realmuto,PHI,Batter,324,79,1.2,0.381,0.324,5,32,5,35,0.071,0.238,0.268,23875000
131,Xavier Edwards,MIA,Batter,357,79,1.2,0.347,0.352,1,24,16,40,0.09,0.146,0.288,772000
132,Gavin Sheets,SDP,Batter,349,92,1.2,0.451,0.324,14,50,1,36,0.077,0.195,0.265,1600000
133,Nolan Arenado,STL,Batter,347,84,1.2,0.388,0.305,10,42,1,39,0.072,0.098,0.246,32000000
134,Mike Trout,LAA,Batter,299,70,1.2,0.471,0.365,17,41,2,36,0.161,0.268,0.238,37116667
135,Jo Adell,LAA,Batter,326,89,1.2,0.483,0.317,19,54,3,36,0.071,0.236,0.243,2100000
136,Nick Kurtz,ATH,Batter,235,58,1.2,0.558,0.333,17,44,1,33,0.106,0.332,0.257,760000
137,Heliot Ramos,SFG,Batter,413,95,1.2,0.429,0.337,14,47,5,50,0.077,0.237,0.262,780000
138,Hyeseong Kim,LAD,Batter,119,48,1.1,0.464,0.378,2,13,11,17,0.05,0.252,0.339,2833333
139,Jorge Polanco,SEA,Batter,293,78,1.1,0.474,0.312,15,44,3,33,0.068,0.14,0.256,7000000
140,Tommy Edman,LAD,Batter,281,73,1.1,0.388,0.281,9,37,3,38,0.06,0.164,0.224,8400000
141,Jordan Westburg,BAL,Batter,180,44,1.1,0.473,0.306,10,21,1,29,0.056,0.25,0.251,772700
142,Daniel Schneemann,CLE,Batter,239,77,1.1,0.388,0.294,9,25,6,27,0.096,0.251,0.215,766000
143,Jake Mangum,TBR,Batter,230,61,1.1,0.394,0.349,2,28,13,23,0.052,0.122,0.31,760000
144,Nathan Lukes,TOR,Batter,216,70,1.1,0.398,0.371,5,32,1,28,0.12,0.125,0.276,766800
145,Rhys Hoskins,MIL,Batter,318,82,1.1,0.428,0.34,12,42,2,30,0.119,0.267,0.242,18000000
146,Max Schuemann,ATH,Batter,116,66,1.1,0.351,0.353,2,6,6,14,0.138,0.164,0.237,765000
147,Romy Gonzalez,BOS,Batter,154,44,1.1,0.582,0.364,5,28,4,26,0.058,0.221,0.326,774000
148,Ryan Jeffers,MIN,Batter,288,77,1.1,0.398,0.344,7,34,0,29,0.111,0.177,0.247,4550000
149,Kody Clemens,MIN,Batter,170,62,1.1,0.5,0.296,12,26,0,24,0.082,0.247,0.213,771000
150,Jasson Domínguez,NYY,Batter,309,80,1.1,0.417,0.343,8,34,14,43,0.107,0.285,0.266,774200
151,Lars Nootbaar,STL,Batter,386,88,1,0.381,0.332,12,37,4,50,0.124,0.215,0.227,2950000
152,Jackson Holliday,BAL,Batter,373,88,1,0.414,0.308,12,38,9,39,0.054,0.247,0.259,764800
153,Andrés Giménez,TOR,Batter,238,61,1,0.322,0.3,5,23,10,26,0.067,0.164,0.218,10571428
154,Jose Trevino,CIN,Batter,186,58,1,0.445,0.314,4,14,0,22,0.054,0.124,0.277,3425000
155,Wenceel Pérez,DET,Batter,142,39,1,0.508,0.317,7,20,2,22,0.063,0.211,0.262,770700
156,Marcell Ozuna,ATL,Batter,389,90,1,0.396,0.366,13,42,0,37,0.165,0.224,0.239,16000000
157,Ryan McMahon,COL,Batter,377,94,1,0.376,0.308,13,28,2,37,0.119,0.321,0.212,12000000
158,Pavin Smith,ARI,Batter,264,79,1,0.446,0.371,8,28,2,33,0.152,0.318,0.261,1500000
159,Denzel Clarke,ATH,Batter,149,44,1,0.326,0.259,3,8,6,15,0.04,0.403,0.21,760000
160,Adley Rutschman,BAL,Batter,276,68,1,0.372,0.319,8,20,0,31,0.116,0.163,0.227,5500000
161,Dane Myers,MIA,Batter,218,66,1,0.381,0.33,4,23,14,22,0.06,0.216,0.282,769000
162,Carlos Santana,CLE,Batter,360,89,1,0.36,0.328,11,41,6,43,0.119,0.186,0.232,12000000
163,Carlos Correa,MIN,Batter,322,83,1,0.389,0.304,7,30,0,35,0.056,0.196,0.264,37333333
164,José Caballero,TBR,Batter,243,75,0.9,0.314,0.313,2,24,31,30,0.107,0.3,0.219,776800
165,Ke'Bryan Hayes,PIT,Batter,350,89,0.9,0.293,0.284,2,31,10,30,0.049,0.214,0.238,7000000
166,Mike Tauchman,CHW,Batter,184,45,0.9,0.434,0.375,4,19,0,22,0.125,0.228,0.283,1950000
167,Matt McLain,CIN,Batter,357,87,0.9,0.337,0.298,10,32,13,45,0.098,0.269,0.21,770000
168,Brett Baty,NYM,Batter,242,75,0.9,0.403,0.282,9,30,4,22,0.07,0.248,0.226,774000
169,Bryson Stott,PHI,Batter,348,86,0.9,0.333,0.303,6,38,14,38,0.089,0.17,0.234,3200000
170,Ian Happ,CHC,Batter,393,84,0.9,0.376,0.323,12,45,4,53,0.125,0.221,0.226,21000000
171,Liam Hicks,MIA,Batter,198,64,0.9,0.411,0.367,4,30,0,19,0.116,0.157,0.274,760000
172,Noelvi Marte,CIN,Batter,104,28,0.9,0.547,0.337,6,23,5,14,0.077,0.163,0.284,760000
173,Austin Hays,CIN,Batter,192,47,0.9,0.517,0.323,8,37,2,30,0.052,0.266,0.287,4000000
174,Roman Anthony,BOS,Batter,124,31,0.9,0.406,0.371,2,13,2,19,0.121,0.218,0.264,760000
175,Adolis García,TEX,Batter,373,92,0.9,0.404,0.279,13,56,9,34,0.054,0.247,0.234,10500000
176,Gabriel Arias,CLE,Batter,281,77,0.8,0.369,0.293,6,31,3,28,0.064,0.313,0.231,770200
177,Luis Torrens,NYM,Batter,192,63,0.8,0.309,0.276,2,14,0,9,0.083,0.24,0.206,1500000
178,Lourdes Gurriel Jr.,ARI,Batter,385,90,0.8,0.421,0.299,12,47,7,34,0.057,0.138,0.251,14000000
179,Miguel Amaya,CHC,Batter,97,26,0.8,0.5,0.313,4,24,0,14,0.041,0.216,0.278,782500
180,Austin Wynns,ATH,Batter,96,36,0.8,0.562,0.326,6,21,0,11,0.052,0.271,0.292,1100000
181,Chase Meidroth,CHW,Batter,296,71,0.8,0.293,0.332,2,11,11,29,0.108,0.139,0.243,760000
182,Anthony Volpe,NYY,Batter,384,95,0.8,0.384,0.287,10,49,10,40,0.089,0.237,0.214,879000
183,Kerry Carpenter,DET,Batter,280,78,0.8,0.494,0.285,16,32,1,40,0.025,0.214,0.257,796800
184,Jesús Sánchez,MIA,Batter,293,75,0.8,0.41,0.321,7,31,9,35,0.082,0.212,0.259,4500000
185,Edmundo Sosa,PHI,Batter,144,49,0.8,0.421,0.322,3,21,0,15,0.049,0.201,0.278,3000000
186,Myles Straw,TOR,Batter,189,78,0.8,0.316,0.29,1,16,7,27,0.053,0.143,0.246,6400000
187,Nick Fortes,MIA,Batter,128,52,0.8,0.368,0.302,2,10,0,11,0.047,0.148,0.256,1860000
188,Shea Langeliers,ATH,Batter,267,66,0.8,0.424,0.285,12,31,4,28,0.079,0.195,0.226,770000
189,Cedric Mullins,BAL,Batter,312,79,0.7,0.411,0.302,13,41,13,38,0.103,0.234,0.218,8725000
190,Dominic Canzone,SEA,Batter,97,30,0.7,0.564,0.34,6,10,1,11,0.031,0.175,0.319,760000
191,Vinnie Pasquantino,KCR,Batter,404,96,0.7,0.437,0.329,15,56,1,37,0.067,0.168,0.272,793250
192,Alex Call,WSN,Batter,217,65,0.7,0.385,0.377,2,21,1,28,0.111,0.147,0.279,769100
193,Lenyn Sosa,CHW,Batter,298,81,0.7,0.417,0.29,9,31,2,27,0.027,0.238,0.267,770000
194,James McCann,ARI,Batter,31,9,0.7,0.708,0.516,2,5,0,7,0.194,0.194,0.375,1000000
195,Josh Lowe,TBR,Batter,211,52,0.7,0.402,0.319,6,20,6,31,0.09,0.204,0.249,775100
196,Jordan Beck,COL,Batter,337,84,0.7,0.444,0.318,10,31,10,41,0.065,0.279,0.264,762000
197,Matt Thaiss,TBR,Batter,173,54,0.7,0.298,0.36,1,16,1,15,0.162,0.237,0.227,1000000
198,Alek Thomas,ARI,Batter,281,86,0.7,0.366,0.295,5,25,5,31,0.053,0.26,0.245,793000
199,Bo Naylor,CLE,Batter,244,72,0.7,0.351,0.272,9,20,1,27,0.123,0.27,0.171,790300
200,Rob Refsnyder,BOS,Batter,124,41,0.7,0.481,0.363,5,16,3,18,0.121,0.266,0.274,2100000
201,Ramón Urías,BAL,Batter,256,68,0.7,0.36,0.293,6,29,2,24,0.07,0.207,0.241,760000
202,Luke Raley,SEA,Batter,156,43,0.7,0.362,0.342,4,17,2,18,0.096,0.244,0.223,787400
203,Mickey Moniak,COL,Batter,248,79,0.7,0.517,0.306,13,34,5,31,0.06,0.242,0.257,1250000
204,Heriberto Hernandez,MIA,Batter,85,30,0.6,0.506,0.376,3,12,0,11,0.082,0.282,0.325,760000
205,Daulton Varsho,TOR,Batter,100,24,0.6,0.543,0.24,8,20,1,14,0.05,0.31,0.207,8200000
206,J.C. Escarra,NYY,Batter,93,36,0.6,0.354,0.312,2,10,1,5,0.118,0.14,0.215,760000
207,Miguel Rojas,LAD,Batter,131,55,0.6,0.431,0.3,5,13,1,16,0.053,0.122,0.26,4000000
208,Josh Jung,TEX,Batter,297,75,0.6,0.366,0.283,8,35,4,25,0.054,0.246,0.237,760000
209,Reese McGuire,CHC,Batter,66,20,0.6,0.476,0.246,5,10,0,10,0.03,0.197,0.222,760000
210,Brandon Marsh,PHI,Batter,225,74,0.6,0.365,0.332,3,21,5,28,0.102,0.244,0.259,3000000
211,Davis Schneider,TOR,Batter,93,34,0.6,0.436,0.344,5,11,0,14,0.14,0.312,0.218,780000
212,Victor Caratini,HOU,Batter,237,66,0.6,0.437,0.304,10,32,0,24,0.046,0.173,0.256,6000000
213,Yohel Pozo,STL,Batter,97,38,0.6,0.505,0.33,4,14,0,11,0.031,0.093,0.312,760000
214,Nick Gonzales,PIT,Batter,144,35,0.6,0.424,0.319,4,13,0,14,0.076,0.153,0.265,775000
215,Kyle Isbel,KCR,Batter,250,84,0.6,0.362,0.27,3,18,2,25,0.036,0.196,0.245,1750000
216,Freddy Fermin,KCR,Batter,179,57,0.6,0.354,0.331,2,8,0,14,0.067,0.168,0.274,781750
217,Tyler Stephenson,CIN,Batter,217,54,0.5,0.384,0.313,6,27,0,23,0.111,0.355,0.232,4925000
218,Leo Rivas,SEA,Batter,73,30,0.5,0.3,0.411,0,4,4,14,0.164,0.205,0.283,760000
219,Isiah Kiner-Falefa,PIT,Batter,299,83,0.5,0.339,0.318,1,23,12,26,0.047,0.157,0.274,7500000
220,Miguel Vargas,CHW,Batter,380,93,0.5,0.383,0.297,10,35,4,44,0.089,0.174,0.218,770400
221,Nolan Gorman,STL,Batter,226,66,0.5,0.408,0.31,9,29,1,31,0.119,0.301,0.219,782900
222,Tyrone Taylor,NYM,Batter,273,86,0.5,0.313,0.267,2,17,10,24,0.04,0.223,0.213,3025000
223,Ronny Mauricio,NYM,Batter,103,29,0.5,0.409,0.311,4,6,2,13,0.087,0.282,0.237,766000
224,Ben Williamson,SEA,Batter,256,73,0.5,0.321,0.294,1,18,2,35,0.043,0.238,0.259,760000
225,Austin Hedges,CLE,Batter,102,39,0.5,0.227,0.21,3,4,1,7,0.108,0.304,0.114,4000000
226,Garrett Mitchell,MIL,Batter,78,25,0.5,0.294,0.286,0,3,3,9,0.09,0.321,0.206,772000
227,Derek Hill,MIA,Batter,99,31,0.5,0.326,0.278,2,7,6,13,0.071,0.374,0.213,831000
228,Danny Jansen,TBR,Batter,233,66,0.5,0.379,0.302,9,27,0,24,0.107,0.258,0.207,8000000
229,Eli White,ATL,Batter,189,69,0.5,0.382,0.282,4,17,6,27,0.048,0.217,0.242,790000
230,Marcelo Mayer,BOS,Batter,124,40,0.5,0.414,0.266,4,10,0,19,0.056,0.298,0.224,760000
231,Yoán Moncada,LAA,Batter,135,36,0.5,0.479,0.326,7,21,0,19,0.111,0.244,0.231,5000000
232,Jacob Young,WSN,Batter,226,71,0.5,0.283,0.307,0,15,10,22,0.08,0.142,0.237,768700
233,Kyle Manzardo,CLE,Batter,300,82,0.5,0.442,0.293,15,37,1,27,0.093,0.25,0.217,763200
234,Francisco Alvarez,NYM,Batter,138,35,0.4,0.333,0.319,3,11,0,10,0.094,0.275,0.236,760000
235,Luis Urías,ATH,Batter,259,71,0.4,0.363,0.32,7,18,2,22,0.097,0.139,0.239,1100000
236,Colton Cowser,BAL,Batter,147,37,0.4,0.449,0.279,8,18,3,15,0.041,0.306,0.221,774500
237,Jahmai Jones,DET,Batter,48,25,0.4,0.561,0.396,2,5,0,5,0.125,0.146,0.293,810000
238,Kameron Misner,TBR,Batter,217,71,0.4,0.345,0.273,5,22,8,27,0.074,0.318,0.213,760000
239,Tyler Freeman,COL,Batter,188,54,0.4,0.422,0.404,1,13,12,23,0.096,0.09,0.323,775700
240,Luke Keaschall,MIN,Batter,26,7,0.4,0.526,0.538,0,2,5,4,0.192,0.077,0.368,760000
241,Michael A. Taylor,CHW,Batter,197,81,0.4,0.389,0.291,5,22,7,23,0.091,0.345,0.217,1950000
242,Travis d'Arnaud,LAA,Batter,151,44,0.4,0.433,0.285,6,17,0,13,0.046,0.318,0.241,6000000
243,Jonny DeLuca,TBR,Batter,25,9,0.4,0.522,0.48,0,1,4,4,0.08,0.16,0.435,770100
244,Joey Ortiz,MIL,Batter,319,93,0.4,0.302,0.268,6,28,9,36,0.063,0.163,0.21,776000
245,Teoscar Hernández,LAD,Batter,302,75,0.4,0.47,0.292,14,56,5,41,0.043,0.238,0.26,13308212
246,Kyren Paris,LAA,Batter,140,44,0.4,0.381,0.266,6,11,7,20,0.071,0.421,0.19,760000
247,Starling Marte,NYM,Batter,188,58,0.4,0.387,0.353,4,20,5,22,0.074,0.176,0.27,20750000
248,José Fermín,STL,Batter,20,10,0.4,0.667,0.45,1,2,1,2,0.1,0.1,0.389,760000
249,Casey Schmitt,SFG,Batter,135,40,0.4,0.398,0.343,4,16,0,14,0.096,0.244,0.254,780000
250,Joey Bart,PIT,Batter,219,59,0.4,0.293,0.333,1,15,1,12,0.114,0.265,0.236,1175000
251,Spencer Steer,CIN,Batter,351,89,0.4,0.406,0.308,11,39,6,39,0.068,0.239,0.251,780000
252,Ozzie Albies,ATL,Batter,403,95,0.4,0.316,0.29,7,29,7,39,0.082,0.154,0.22,7000000
253,Ty France,MIN,Batter,353,92,0.4,0.354,0.312,6,42,1,37,0.042,0.161,0.248,1000000
254,Curtis Mead,TBR,Batter,132,49,0.4,0.339,0.318,3,8,4,14,0.091,0.25,0.226,760000
255,Matt Wallner,MIN,Batter,201,55,0.4,0.449,0.299,10,16,0,21,0.104,0.303,0.205,770750
256,Pedro Pagés,STL,Batter,246,74,0.4,0.332,0.255,6,27,0,25,0.057,0.256,0.208,768300
257,Tyler Fitzgerald,SFG,Batter,222,63,0.4,0.333,0.287,3,13,9,18,0.068,0.279,0.227,760000
258,Jake Fraley,CIN,Batter,146,48,0.4,0.376,0.336,5,17,4,24,0.137,0.192,0.224,3125000
259,Chandler Simpson,TBR,Batter,200,53,0.4,0.351,0.34,0,14,26,23,0.05,0.09,0.308,760000
260,Eric Haase,MIL,Batter,68,27,0.3,0.371,0.284,2,8,0,8,0.059,0.426,0.226,1350000
261,Johan Rojas,PHI,Batter,156,66,0.3,0.302,0.283,1,15,12,21,0.071,0.237,0.23,773500
262,Austin Slater,CHW,Batter,111,44,0.3,0.436,0.3,4,9,0,16,0.081,0.288,0.238,1750000
263,Kyle Teel,CHW,Batter,87,25,0.3,0.29,0.372,0,6,1,9,0.161,0.276,0.232,760000
264,Christian Moore,LAA,Batter,64,18,0.3,0.396,0.302,3,8,0,8,0.125,0.313,0.189,760000
265,Luis García Jr.,WSN,Batter,327,85,0.3,0.395,0.3,7,43,8,41,0.055,0.141,0.259,760000
266,Max Kepler,PHI,Batter,313,85,0.3,0.371,0.307,10,31,0,35,0.115,0.204,0.21,10000000
267,Agustín Ramírez,MIA,Batter,301,71,0.3,0.47,0.289,14,41,1,40,0.063,0.189,0.242,760000
268,Willie MacIver,ATH,Batter,52,17,0.3,0.449,0.288,2,4,2,4,0.058,0.212,0.245,760000
269,Miles Mastrobuoni,SEA,Batter,162,68,0.3,0.289,0.321,1,12,4,18,0.099,0.167,0.246,768000
270,Dalton Rushing,LAD,Batter,75,24,0.3,0.309,0.293,1,10,0,9,0.093,0.44,0.221,760000
271,Ezequiel Tovar,COL,Batter,138,32,0.3,0.406,0.301,3,10,2,14,0.051,0.217,0.258,4214285
272,Brady House,WSN,Batter,98,23,0.3,0.376,0.286,2,12,2,7,0.041,0.235,0.258,760000
273,Jake Rogers,DET,Batter,79,26,0.3,0.273,0.282,1,8,0,7,0.139,0.253,0.167,2640000
274,DJ LeMahieu,NYY,Batter,142,45,0.3,0.336,0.338,2,12,0,13,0.099,0.246,0.266,760000
275,Luke Maile,KCR,Batter,10,4,0.3,0.75,0.5,1,1,0,2,0.2,0.1,0.375,760000
276,Andrew McCutchen,PIT,Batter,345,85,0.2,0.381,0.335,8,31,1,30,0.104,0.217,0.255,5000000
277,Taylor Walls,TBR,Batter,258,83,0.2,0.295,0.284,3,29,11,30,0.093,0.205,0.216,1350000
278,Henry Davis,PIT,Batter,146,46,0.2,0.328,0.259,4,12,0,16,0.068,0.233,0.198,760000
279,Amed Rosario,WSN,Batter,149,45,0.2,0.432,0.315,5,17,1,18,0.047,0.134,0.273,2000000
280,Luisangel Acuña,NYM,Batter,166,70,0.2,0.275,0.285,0,6,11,23,0.06,0.193,0.235,766000
281,Ildemaro Vargas,ARI,Batter,29,10,0.2,0.464,0.31,1,4,0,5,0,0.241,0.286,1000000
282,Colson Montgomery,CHW,Batter,35,10,0.2,0.321,0.382,0,2,0,2,0.171,0.2,0.25,760000
283,Giancarlo Stanton,NYY,Batter,78,21,0.2,0.449,0.333,4,14,0,7,0.103,0.321,0.246,32000000
284,Nolan Jones,CLE,Batter,261,85,0.2,0.33,0.319,3,23,6,18,0.107,0.261,0.229,770000
285,Zack Short,HOU,Batter,23,10,0.2,0.524,0.348,1,5,0,3,0.087,0.391,0.286,760000
286,Sam Haggerty,TEX,Batter,144,47,0.2,0.375,0.329,2,11,9,25,0.097,0.174,0.25,900000
287,Richie Palacios,TBR,Batter,4,1,0.2,1,0.75,0,0,1,1,0,0,0.75,760000
288,Nasim Nuñez,WSN,Batter,49,23,0.2,0.233,0.271,0,5,7,6,0.102,0.204,0.186,760000
289,Andruw Monasterio,MIL,Batter,49,29,0.2,0.295,0.265,1,4,1,8,0.102,0.224,0.182,760000
290,Ryan Ritter,COL,Batter,106,29,0.2,0.347,0.298,1,11,0,13,0.066,0.321,0.242,760000
291,Christian Koss,SFG,Batter,108,41,0.2,0.357,0.305,2,12,2,12,0.046,0.231,0.265,760000
292,Paul DeJong,WSN,Batter,80,22,0.2,0.32,0.263,1,7,2,6,0.05,0.35,0.213,1000000
293,Brewer Hicklen,DET,Batter,4,1,0.2,0.667,0.75,0,0,1,2,0.25,0.25,0.667,760000
294,Gavin Lux,CIN,Batter,310,84,0.2,0.379,0.355,4,37,1,30,0.123,0.242,0.265,3325000
295,Jake Bauers,MIL,Batter,148,59,0.2,0.363,0.324,5,18,5,16,0.155,0.304,0.202,1400000
296,Tomás Nido,DET,Batter,37,11,0.2,0.343,0.361,0,2,0,4,0,0.27,0.343,760000
297,Dylan Moore,SEA,Batter,186,70,0.2,0.396,0.274,9,18,9,27,0.081,0.333,0.213,3908334
298,Wilmer Flores,SFG,Batter,347,88,0.2,0.376,0.32,11,55,1,33,0.084,0.176,0.244,3500000
299,Salvador Perez,KCR,Batter,382,92,0.2,0.42,0.287,13,54,0,26,0.045,0.202,0.244,20000000
300,Joey Loperfido,TOR,Batter,15,5,0.2,0.571,0.4,1,5,0,1,0.067,0.133,0.357,760000
301,Connor Norby,MIA,Batter,273,72,0.2,0.364,0.289,6,26,7,33,0.051,0.267,0.241,765000
302,Trevor Larnach,MIN,Batter,367,90,0.2,0.415,0.311,13,42,2,46,0.082,0.223,0.245,2100000
303,Edgar Quero,CHW,Batter,210,61,0.1,0.339,0.348,1,20,0,11,0.095,0.181,0.269,760000
304,Yainer Diaz,HOU,Batter,339,84,0.1,0.408,0.28,13,38,1,34,0.041,0.18,0.246,805600
305,Brandon Lockridge,SDP,Batter,95,47,0.1,0.261,0.258,0,5,8,9,0.042,0.253,0.216,760000
306,Tim Anderson,LAA,Batter,90,31,0.1,0.241,0.258,0,3,1,8,0.033,0.322,0.205,760000
307,Griffin Conine,MIA,Batter,71,20,0.1,0.438,0.352,1,7,0,10,0.099,0.268,0.281,760000
308,Bryce Johnson,SDP,Batter,25,20,0.1,0.318,0.333,0,2,2,2,0.04,0.28,0.273,760000
309,Alan Roden,TOR,Batter,111,42,0.1,0.309,0.279,1,8,0,12,0.063,0.216,0.206,760000
310,Christopher Morel,TBR,Batter,188,65,0.1,0.409,0.293,7,19,5,28,0.08,0.335,0.222,771800
311,Kyle Higashioka,TEX,Batter,180,51,0.1,0.361,0.294,4,25,2,15,0.061,0.183,0.241,5750000
312,Donovan Solano,SEA,Batter,152,59,0.1,0.352,0.296,3,19,0,9,0.053,0.191,0.254,3500000
313,Angel Martínez,CLE,Batter,284,79,0.1,0.39,0.26,8,34,6,32,0.032,0.215,0.236,760000
314,Rafael Marchán,PHI,Batter,69,24,0.1,0.25,0.265,1,5,0,5,0.101,0.174,0.167,780500
315,Andrew Benintendi,CHW,Batter,270,67,0.1,0.429,0.297,11,35,1,31,0.081,0.156,0.233,17100000
316,Adam Frazier,PIT,Batter,262,78,0.1,0.336,0.318,3,21,7,22,0.065,0.172,0.255,1525000
317,Oswaldo Cabrera,NYY,Batter,122,34,0.1,0.308,0.322,1,11,0,17,0.09,0.205,0.243,825600
318,Zach Dezenzo,HOU,Batter,109,34,0.1,0.367,0.321,2,10,1,17,0.101,0.339,0.245,763200
319,Cole Young,SEA,Batter,129,35,0.1,0.347,0.305,2,11,0,13,0.054,0.225,0.254,760000
320,Matt Shaw,CHC,Batter,223,61,0.1,0.288,0.283,2,15,11,27,0.094,0.184,0.202,760000
321,Jacob Melton,HOU,Batter,31,11,0.1,0.31,0.29,0,6,3,3,0.065,0.387,0.241,760000
322,Nick Loftin,KCR,Batter,103,33,0.1,0.385,0.243,3,12,1,11,0.039,0.146,0.198,760000
323,Korey Lee,CHW,Batter,31,14,0.1,0.357,0.3,0,1,0,7,0.065,0.161,0.25,760000
324,Blaze Alexander,ARI,Batter,23,11,0.1,0.333,0.304,0,1,2,3,0.043,0.217,0.238,766300
325,Hayden Senger,NYM,Batter,49,21,0.1,0.196,0.208,0,0,0,5,0.041,0.286,0.174,760000
326,José Tena,WSN,Batter,154,44,0.1,0.365,0.325,0,13,2,18,0.097,0.214,0.248,760000
327,Andy Ibáñez,DET,Batter,106,46,0.1,0.319,0.292,2,15,3,14,0.066,0.132,0.213,760000
328,Tommy Pham,PIT,Batter,234,67,0.1,0.346,0.321,4,25,3,21,0.094,0.244,0.25,4025000
329,Santiago Espinal,CIN,Batter,276,84,0.1,0.293,0.296,0,14,2,22,0.062,0.112,0.246,2400000
330,Alex Jackson,BAL,Batter,7,4,0.1,0.571,0.286,0,1,0,2,0,0.429,0.286,760000
331,Luis Robert Jr.,CHW,Batter,306,79,0.1,0.325,0.275,9,35,22,28,0.101,0.304,0.19,15000000
332,Brett Sullivan,PIT,Batter,9,3,0.1,0.167,0.333,0,2,0,1,0.111,0.333,0.167,760000
333,Blake Dunn,CIN,Batter,75,30,0.1,0.233,0.32,1,7,1,10,0.107,0.333,0.15,760000
334,Enmanuel Valdez,PIT,Batter,102,31,0.1,0.363,0.294,2,12,0,7,0.108,0.157,0.209,800000
335,Trey Lipscomb,WSN,Batter,4,3,0.1,0.5,0.5,0,0,0,1,0,0.25,0.5,760000
336,Bobby Dalbec,CHW,Batter,21,7,0.1,0.278,0.333,0,1,0,2,0.143,0.286,0.222,760000
337,Javier Sanoja,MIA,Batter,198,70,0.1,0.333,0.278,1,18,3,22,0.066,0.146,0.232,761500
338,Mitch Garver,SEA,Batter,171,52,0.1,0.344,0.31,5,21,3,15,0.111,0.31,0.219,12500000
339,Ryne Nelson,ARI,Batter,1,21,0.1,1,1,0,1,0,1,0,0,1,760000
340,Chas McCormick,HOU,Batter,53,36,0.1,0.302,0.347,0,2,1,6,0.094,0.264,0.256,3400000
341,Logan O'Hoppe,LAA,Batter,296,77,0.1,0.425,0.267,17,37,1,27,0.044,0.331,0.229,790000
342,Dylan Crews,WSN,Batter,173,45,0,0.354,0.266,7,15,11,24,0.064,0.277,0.196,761800
343,Brooks Lee,MIN,Batter,297,79,0,0.379,0.29,8,36,1,23,0.04,0.195,0.257,764450
344,Masataka Yoshida,BOS,Batter,15,4,0,0.429,0.333,0,1,1,1,0,0,0.286,18600000
345,Tim Tawa,ARI,Batter,173,59,0,0.355,0.262,6,14,7,21,0.075,0.272,0.2,760000
346,Trey Sweeney,DET,Batter,249,80,0,0.314,0.281,5,27,3,28,0.088,0.257,0.215,764000
347,Spencer Horwitz,PIT,Batter,181,46,0,0.329,0.298,2,16,0,19,0.083,0.227,0.232,767500
348,Owen Miller,COL,Batter,17,9,0,0.143,0.294,0,1,1,0,0.118,0.235,0.143,760000
349,Logan Porter,SFG,Batter,9,5,0,0.143,0.333,0,1,0,2,0.111,0.222,0.143,760000
350,Ryan Bliss,SEA,Batter,39,11,0,0.314,0.282,1,3,2,1,0.103,0.282,0.2,762100
351,Thairo Estrada,COL,Batter,125,29,0,0.397,0.312,2,18,1,11,0.032,0.128,0.284,3250000
352,Drew Millas,WSN,Batter,12,5,0,0.3,0.273,0,1,0,2,0.083,0.083,0.2,760000
353,Luken Baker,STL,Batter,41,19,0,0.324,0.366,0,2,0,3,0.171,0.244,0.235,760000
354,Jorge Barrosa,ARI,Batter,16,5,0,0.333,0.188,0,4,0,1,0,0.313,0.2,760000
355,Dominic Smith,SFG,Batter,93,28,0,0.37,0.312,2,10,1,9,0.086,0.194,0.235,760000
356,Omar Narváez,HOU,Batter,10,4,0,0.286,0.4,0,3,0,1,0.2,0.1,0.286,760000
357,Jonah Heim,TEX,Batter,280,76,0,0.346,0.262,8,28,3,22,0.054,0.229,0.219,4575000
358,Kenedy Corona,HOU,Batter,4,3,0,0,0.5,0,0,0,0,0.5,0.25,0,760000
359,Liover Peguero,PIT,Batter,10,4,0,0.222,0.3,0,0,0,0,0,0.3,0.222,760000
360,Jerar Encarnacion,SFG,Batter,22,8,0,0.182,0.136,0,0,1,1,0,0.273,0.136,770000
361,Nacho Alvarez Jr.,ATL,Batter,8,2,0,0.286,0.375,0,0,0,1,0.125,0.125,0.286,760000
362,Stuart Fairchild,ATL,Batter,55,28,0,0.333,0.273,0,2,2,7,0.073,0.273,0.216,760000
363,Daniel Johnson,SFG,Batter,31,14,0,0.345,0.226,1,1,1,5,0.065,0.258,0.172,760000
364,Randal Grichuk,ARI,Batter,174,65,0,0.466,0.282,7,22,0,24,0.057,0.218,0.242,2000000
365,Esteury Ruiz,LAD,Batter,12,9,0,0.25,0.25,0,1,2,0,0,0.5,0.25,760000
366,Garrett Hampson,STL,Batter,78,39,0,0.2,0.289,0,1,3,12,0.141,0.295,0.169,850000
367,Thomas Saggese,STL,Batter,90,28,0,0.326,0.256,1,10,0,6,0.033,0.256,0.233,760000
368,David Bañuelos,BAL,Batter,2,1,0,0,0.5,0,0,0,0,0,0.5,0,760000
369,Dustin Harris,TEX,Batter,38,16,0,0.343,0.263,1,1,1,4,0.079,0.289,0.2,760000
370,Michael Helman,TEX,Batter,6,5,0,0,0.333,0,0,1,2,0.333,0,0,760000
371,Rob Brantly,MIA,Batter,7,3,0,0.429,0.429,0,1,0,0,0,0.143,0.429,760000
372,Justin Foscue,TEX,Batter,6,3,0,0.333,0.167,0,2,0,0,0,0.167,0.167,760000
373,Akil Baddoo,DET,Batter,18,7,0,0.176,0.167,0,1,1,0,0.056,0.278,0.118,760000
374,Tyler Tolbert,KCR,Batter,14,24,0,0.154,0.214,0,0,9,4,0,0.286,0.154,760000
375,Anthony Seigler,MIL,Batter,12,6,0,0.182,0.25,0,2,0,0,0.083,0.083,0.182,760000
376,Otto Kemp,PHI,Batter,98,27,0,0.337,0.316,1,11,1,10,0.051,0.286,0.247,760000
377,Hunter Feduccia,LAD,Batter,3,2,0,0,0.333,0,0,0,0,0.333,0.333,0,760000
378,Matthew Lugo,LAA,Batter,43,17,0,0.548,0.256,3,6,0,6,0,0.372,0.238,760000
379,Billy Cook,PIT,Batter,6,3,0,0.333,0.333,0,0,0,1,0,0.167,0.333,760000
380,Jose Herrera,ARI,Batter,159,44,0,0.268,0.302,1,13,0,15,0.119,0.226,0.197,772200
384,Dom Nuñez,CLE,Batter,7,2,0,0.286,0.286,0,0,0,2,0,0.571,0.286,760000
385,Jordyn Adams,BAL,Batter,1,5,0,0,0,0,0,0,1,0,0,0,760000
386,Ha-Seong Kim,TBR,Batter,22,6,0,0.409,0.227,1,3,1,2,0,0.318,0.227,13000000
387,Sam Hilliard,COL,Batter,61,20,0,0.412,0.328,2,3,2,8,0.164,0.377,0.196,760000
389,Niko Kavadas,LAA,Batter,1,1,0,0,0,0,0,0,0,0,0,0,760000
390,Keston Hiura,COL,Batter,21,8,0,0.278,0.333,0,1,0,3,0,0.333,0.222,760000
391,Tucker Barnhart,TEX,Batter,15,8,0,0.231,0.333,0,0,0,0,0.067,0.267,0.231,760000
392,Greg Jones,CHW,Batter,2,3,0,0,0,0,0,1,0,0,1,0,760000
393,Brett Wisely,SFG,Batter,41,17,0,0.389,0.282,1,8,0,4,0.073,0.171,0.222,760000
394,Chadwick Tromp,CHW,Batter,22,8,0,0.333,0.182,1,1,0,2,0.045,0.273,0.143,760000
395,Gustavo Campero,LAA,Batter,37,17,0,0.219,0.243,1,1,1,3,0.108,0.189,0.125,760000
396,Ali Sánchez,TOR,Batter,11,5,0,0.273,0.182,0,0,0,0,0,0.273,0.182,760000
397,Rhylan Thomas,SEA,Batter,10,3,0,0.25,0.2,0,2,0,2,0.1,0,0.125,760000
398,Coco Montes,TBR,Batter,10,5,0,0.2,0.2,0,1,0,0,0,0.3,0.2,760000
399,Jurickson Profar,ATL,Batter,64,15,0,0.476,0.281,3,8,0,10,0.016,0.203,0.27,12000000
400,Victor Mesa Jr.,MIA,Batter,10,4,0,0.143,0.333,0,1,0,1,0.2,0.1,0.143,760000
401,Luis Guillorme,HOU,Batter,21,12,0,0.15,0.19,0,0,0,2,0.048,0.381,0.15,1000000
402,Travis Jankowski,NYM,Batter,50,26,0,0.289,0.286,0,2,2,8,0.06,0.24,0.244,760000
403,Enrique Hernández,LAD,Batter,177,70,0,0.36,0.267,7,19,0,22,0.085,0.26,0.199,6500000
404,Gio Urshela,ATH,Batter,133,40,0,0.331,0.29,0,16,0,6,0.075,0.173,0.231,760000
405,Michael Stefanic,TOR,Batter,25,9,0,0.182,0.28,0,0,0,1,0.12,0.12,0.182,760000
406,Emmanuel Rivera,BAL,Batter,77,27,-0.1,0.271,0.299,0,3,1,3,0.078,0.156,0.229,760000
407,Dairon Blanco,KCR,Batter,8,9,-0.1,0.333,0.167,0,1,3,2,0,0.25,0.167,760000
408,Royce Lewis,MIN,Batter,153,42,-0.1,0.302,0.281,2,13,0,14,0.085,0.144,0.216,1625000
409,Ryan Fitzgerald,MIN,Batter,3,2,-0.1,0,0,0,0,0,1,0,0,0,760000
410,James Outman,LAD,Batter,37,14,-0.1,0.333,0.216,2,4,0,6,0.108,0.432,0.121,800000
411,Taylor Trammell,HOU,Batter,36,14,-0.1,0.313,0.25,1,4,0,3,0.111,0.361,0.156,765200
412,Billy McKinney,TEX,Batter,8,2,-0.1,0.143,0.25,0,0,0,1,0.125,0.125,0.143,760000
413,Yanquiel Fernández,COL,Batter,28,10,-0.1,0.37,0.321,0,2,0,3,0.036,0.25,0.296,760000
414,Leo Jiménez,TOR,Batter,18,9,-0.1,0.294,0.118,1,1,0,2,0,0.278,0.118,760000
415,Nick Ahmed,TEX,Batter,10,5,-0.1,0,0.1,0,0,1,1,0.1,0.3,0,760000
416,Aramis Garcia,ARI,Batter,4,2,-0.1,0,0,0,0,0,0,0,0.75,0,760000
417,Will Benson,CIN,Batter,174,53,-0.1,0.427,0.276,8,26,1,22,0.069,0.293,0.223,760000
418,José Azocar,NYM,Batter,21,14,-0.1,0.263,0.333,0,1,1,5,0.095,0.048,0.263,760000
419,Jesse Winker,NYM,Batter,81,26,-0.1,0.4,0.309,1,10,1,8,0.111,0.259,0.229,7500000
420,Nate Eaton,BOS,Batter,27,14,-0.1,0.333,0.296,0,1,3,5,0.037,0.37,0.25,760000
421,Luis Arraez,SDP,Batter,393,90,-0.1,0.389,0.314,5,35,4,39,0.046,0.028,0.279,14000000
422,Eddie Rosario,ATL,Batter,8,5,-0.1,0.125,0.125,0,0,0,1,0,0.25,0.125,760000
423,Christian Walker,HOU,Batter,377,90,-0.1,0.374,0.286,12,47,0,37,0.061,0.273,0.229,20000000
424,Tristin English,ARI,Batter,4,1,-0.1,0,0,0,1,0,0,0,0.5,0,760000
425,Michael Siani,STL,Batter,19,19,-0.1,0.235,0.316,0,0,0,4,0.105,0.368,0.235,760000
426,Cal Stevenson,PHI,Batter,8,5,-0.1,0.25,0.25,0,1,0,0,0,0.25,0.25,760000
427,Justyn-Henry Malloy,DET,Batter,118,46,-0.1,0.281,0.339,1,16,0,13,0.161,0.263,0.208,760000
428,Graham Pauley,MIA,Batter,94,29,-0.1,0.271,0.258,0,5,0,6,0.074,0.223,0.2,760000
429,Parker Meadows,DET,Batter,119,32,-0.1,0.284,0.261,2,9,3,12,0.084,0.303,0.193,781600
430,David Villar,SFG,Batter,25,9,-0.1,0.25,0.36,0,1,0,4,0.16,0.2,0.2,760000
431,Jhonny Pereda,ATH,Batter,46,19,-0.1,0.225,0.283,0,3,0,3,0.13,0.283,0.175,760000
432,Chris Taylor,LAA,Batter,69,38,-0.1,0.323,0.246,1,5,1,10,0.014,0.377,0.2,760000
433,Jacob Hurtubise,CIN,Batter,15,12,-0.1,0.083,0.267,0,0,0,3,0.067,0.4,0.083,760000
434,Abraham Toro,BOS,Batter,193,52,-0.1,0.418,0.321,5,20,1,25,0.057,0.155,0.271,1000000
435,Miguel Andujar,ATH,Batter,193,49,-0.1,0.387,0.321,3,20,1,19,0.052,0.119,0.287,3000000
436,Mason McCoy,SDP,Batter,5,4,-0.1,0,0,0,0,0,0,0,0.6,0,760000
437,Weston Wilson,PHI,Batter,42,22,-0.1,0.278,0.31,1,4,0,3,0.143,0.31,0.194,760000
438,Cooper Hummel,HOU,Batter,76,26,-0.1,0.279,0.333,2,4,0,8,0.158,0.329,0.18,760000
439,César Salazar,HOU,Batter,7,8,-0.1,0.143,0.143,0,0,0,0,0,0.143,0.143,760000
440,Samad Taylor,SEA,Batter,9,4,-0.1,0.125,0.125,0,0,0,1,0,0.111,0.125,760000
441,Colby Thomas,ATH,Batter,11,5,-0.1,0.182,0.091,0,0,0,1,0,0.545,0.091,760000
442,Will Brennan,CLE,Batter,13,6,-0.1,0.091,0.231,0,0,0,0,0.077,0.077,0.091,760000
443,Jonathan Ornelas,TEX,Batter,6,4,-0.1,0,0.167,0,0,0,0,0.167,0.5,0,760000
444,Buddy Kennedy,PHI,Batter,8,4,-0.1,0,0.125,0,0,0,0,0.125,0.25,0,760000
445,Tyler Callihan,CIN,Batter,6,4,-0.1,0.167,0.167,0,1,0,0,0,0.167,0.167,760000
446,Carson McCusker,MIN,Batter,6,5,-0.1,0.167,0.167,0,0,0,0,0,0.667,0.167,760000
447,Sam Huff,SFG,Batter,58,20,-0.1,0.34,0.259,2,4,0,5,0.069,0.431,0.208,760000
448,Jose Siri,NYM,Batter,24,10,-0.1,0.1,0.208,0,1,2,5,0.167,0.333,0.05,2400000
449,Sergio Alcántara,SFG,Batter,4,1,-0.1,0,0,0,0,0,0,0,0.5,0,760000
450,Jared Young,NYM,Batter,45,19,-0.1,0.415,0.222,3,5,0,4,0.044,0.333,0.171,1150000
451,Ji Hwan Bae,PIT,Batter,12,7,-0.1,0.091,0.167,0,0,2,3,0.083,0.417,0.091,760000
452,Tsung-Che Cheng,PIT,Batter,7,3,-0.1,0,0,0,0,0,0,0,0.429,0,760000
453,Nick Maton,CHW,Batter,63,25,-0.1,0.315,0.286,2,4,0,5,0.143,0.302,0.167,760000
454,Vidal Bruján,CHC,Batter,39,31,-0.1,0.263,0.205,0,2,2,6,0.026,0.282,0.184,783500
455,Andrés Chaparro,WSN,Batter,12,4,-0.1,0.182,0.167,0,0,0,0,0.083,0.25,0.091,760000
456,Manuel Margot,DET,Batter,20,6,-0.2,0.316,0.3,0,3,0,1,0,0.3,0.316,760000
457,Daz Cameron,MIL,Batter,42,21,-0.2,0.293,0.214,1,3,1,7,0.024,0.31,0.195,760000
458,Brice Matthews,HOU,Batter,7,2,-0.2,0,0,0,0,0,0,0,0.714,0,760000
459,Christian Vázquez,MIN,Batter,162,51,-0.2,0.252,0.241,2,9,0,10,0.08,0.173,0.17,10000000
460,Tyler Wade,SDP,Batter,124,57,-0.2,0.26,0.317,0,9,1,13,0.121,0.25,0.212,850000
461,Gary Sánchez,BAL,Batter,101,30,-0.2,0.418,0.297,5,24,0,13,0.04,0.267,0.231,8500000
462,Braxton Fulford,COL,Batter,42,14,-0.2,0.425,0.262,1,11,1,4,0.024,0.429,0.25,760000
463,Ryan Vilade,CIN,Batter,15,8,-0.2,0.077,0.2,0,0,0,1,0.133,0.333,0.077,760000
464,Luis Vázquez,BAL,Batter,13,11,-0.2,0.077,0.077,0,1,0,1,0,0.231,0.077,760000
465,Will Wagner,TOR,Batter,100,30,-0.2,0.279,0.323,0,2,1,10,0.11,0.22,0.221,763000
466,Kristian Campbell,BOS,Batter,263,67,-0.2,0.345,0.319,6,21,2,24,0.11,0.274,0.223,760000
467,Alexander Canario,PIT,Batter,163,53,-0.2,0.329,0.288,3,13,2,18,0.086,0.319,0.221,760000
468,Jorbit Vivas,NYY,Batter,55,23,-0.2,0.255,0.245,1,4,0,6,0.073,0.218,0.149,760000
469,Jonathan India,KCR,Batter,387,89,-0.2,0.348,0.332,4,24,0,40,0.09,0.163,0.251,7050000
470,Tirso Ornelas,SDP,Batter,16,7,-0.2,0.071,0.188,0,1,0,0,0.125,0.125,0.071,760000
471,J.D. Davis,LAA,Batter,9,5,-0.2,0.111,0.111,0,0,0,0,0,0.333,0.111,760000
472,Dylan Carlson,BAL,Batter,118,41,-0.2,0.378,0.271,4,12,2,10,0.051,0.263,0.234,760000
473,Will Robertson,CHW,Batter,17,6,-0.2,0.067,0.176,0,1,0,1,0.059,0.647,0.067,760000
474,Gage Workman,CHW,Batter,17,12,-0.2,0.25,0.235,0,2,1,0,0.059,0.412,0.188,760000
475,Moisés Ballesteros,CHC,Batter,18,5,-0.2,0.188,0.278,0,3,0,3,0.111,0.056,0.188,760000
476,Matt Vierling,DET,Batter,47,13,-0.2,0.184,0.298,0,4,1,2,0.128,0.191,0.158,3005000
477,Blaine Crim,TEX,Batter,13,5,-0.2,0,0.154,0,0,0,1,0.077,0.462,0,760000
478,Justin Turner,CHC,Batter,129,48,-0.2,0.297,0.295,2,13,1,8,0.101,0.171,0.216,6000000
479,Blake Sabol,BOS,Batter,18,8,-0.2,0.188,0.167,0,1,0,2,0.056,0.389,0.125,760000
480,Austin Barnes,LAD,Batter,44,13,-0.2,0.286,0.233,0,2,0,4,0.023,0.318,0.214,760000
481,Nick Castellanos,PHI,Batter,390,95,-0.2,0.438,0.313,12,51,3,43,0.051,0.205,0.273,20000000
482,Austin Nola,COL,Batter,15,4,-0.2,0.143,0.143,0,0,0,1,0,0.067,0.143,760000
483,Jonatan Clase,TOR,Batter,112,34,-0.2,0.3,0.288,2,9,3,10,0.089,0.25,0.21,760000
484,Jace Jung,DET,Batter,53,18,-0.2,0.111,0.245,0,3,0,8,0.132,0.283,0.111,760000
485,Nick Sogard,BOS,Batter,65,17,-0.2,0.339,0.323,0,3,0,10,0.046,0.185,0.254,760000
486,Cavan Biggio,KCR,Batter,83,37,-0.2,0.246,0.296,1,4,1,9,0.133,0.253,0.174,760000
487,Max Muncy,ATH,Batter,203,55,-0.2,0.398,0.261,9,23,1,17,0.044,0.315,0.22,760000
488,Yordan Alvarez,HOU,Batter,121,29,-0.2,0.34,0.306,3,18,1,7,0.132,0.174,0.21,15833333
489,Nicky Lopez,CHC,Batter,28,19,-0.3,0.042,0.179,0,1,0,2,0.143,0.143,0.042,760000
490,José Barrero,STL,Batter,31,22,-0.3,0.276,0.194,1,3,0,4,0.032,0.29,0.138,760000
491,Alejandro Osuna,TEX,Batter,80,28,-0.3,0.227,0.288,1,5,3,6,0.138,0.213,0.167,760000
492,CJ Alexander,ATH,Batter,17,6,-0.3,0.176,0.176,0,0,0,0,0,0.471,0.176,760000
493,Aaron Schunk,COL,Batter,29,11,-0.3,0.25,0.214,0,0,0,1,0,0.276,0.214,760000
494,Ezequiel Duran,TEX,Batter,90,39,-0.3,0.225,0.225,0,5,4,4,0.044,0.311,0.15,776500
495,Matt Gorski,PIT,Batter,42,15,-0.3,0.39,0.214,2,4,0,2,0.024,0.381,0.195,760000
496,Scott Kingery,LAA,Batter,27,13,-0.3,0.2,0.222,0,0,1,3,0.074,0.37,0.16,760000
497,Drew Avans,MIL,Batter,18,8,-0.3,0.118,0.111,0,1,1,1,0,0.333,0.118,760000
498,Victor Robles,SEA,Batter,46,10,-0.3,0.341,0.283,0,3,3,3,0,0.152,0.273,4125000
499,Elias Díaz,SDP,Batter,205,76,-0.3,0.29,0.265,4,12,0,22,0.083,0.263,0.194,1500000
500,Oliver Dunn,MIL,Batter,41,14,-0.3,0.222,0.205,0,6,1,4,0.049,0.268,0.167,760000
501,Brayan Rocchio,CLE,Batter,142,48,-0.3,0.278,0.252,1,12,2,11,0.049,0.197,0.19,771000
502,Brendan Rodgers,HOU,Batter,128,43,-0.3,0.278,0.266,2,11,0,12,0.086,0.359,0.191,2000000
503,Mickey Gasper,MIN,Batter,39,17,-0.3,0.206,0.282,0,3,0,5,0.103,0.231,0.176,760000
504,Oscar Gonzalez,SDP,Batter,61,21,-0.3,0.237,0.246,0,4,0,2,0.033,0.213,0.22,760000
505,Zac Veen,COL,Batter,37,12,-0.3,0.235,0.189,1,2,1,1,0.054,0.378,0.118,760000
506,Zack Gelof,ATH,Batter,28,8,-0.3,0.08,0.143,0,1,0,3,0.071,0.464,0.08,765000
507,Kevin Pillar,TEX,Batter,43,20,-0.3,0.256,0.209,0,1,3,6,0,0.186,0.209,760000
508,Luke Williams,ATL,Batter,19,27,-0.3,0.167,0.158,0,2,3,3,0,0.316,0.111,760000
509,Jack Suwinski,PIT,Batter,62,22,-0.3,0.189,0.242,1,2,5,5,0.145,0.403,0.113,785000
510,Ryan Mountcastle,BAL,Batter,200,52,-0.3,0.348,0.28,2,15,1,19,0.04,0.23,0.246,6787000
511,Jack Winkler,MIA,Batter,11,9,-0.3,0.091,0.091,0,0,1,1,0,0.364,0.091,760000
512,David Hamilton,BOS,Batter,133,62,-0.3,0.276,0.229,3,12,15,16,0.053,0.233,0.179,760000
513,Andrew Knizner,SFG,Batter,43,15,-0.3,0.22,0.167,1,1,0,7,0.023,0.14,0.146,943548
514,Logan Davidson,ATH,Batter,24,9,-0.3,0.2,0.261,0,2,0,1,0.125,0.5,0.15,760000
515,Tim Elko,CHW,Batter,67,20,-0.3,0.355,0.209,4,8,1,6,0.075,0.418,0.145,760000
516,Jake McCarthy,ARI,Batter,102,29,-0.3,0.244,0.228,2,9,3,7,0.088,0.157,0.144,803900
517,Alan Trejo,COL,Batter,43,14,-0.3,0.225,0.19,0,1,0,3,0.023,0.163,0.175,760000
518,Coby Mayo,BAL,Batter,85,27,-0.3,0.304,0.259,1,9,1,8,0.071,0.259,0.203,760000
519,Michael Conforto,LAD,Batter,297,81,-0.3,0.319,0.296,8,23,1,36,0.114,0.236,0.181,17000000
520,Ryan Noda,CHW,Batter,45,16,-0.4,0.176,0.295,1,1,0,3,0.222,0.422,0.088,760000
521,Nick Solak,PIT,Batter,11,4,-0.4,0.091,0.091,0,0,0,0,0,0.182,0.091,760000
522,Shay Whitcomb,HOU,Batter,19,12,-0.4,0.211,0.053,1,1,0,1,0,0.316,0.053,760000
523,Luis Campusano,SDP,Batter,27,10,-0.4,0,0.222,0,0,0,0,0.222,0.407,0,760000
524,Rowdy Tellez,SEA,Batter,185,62,-0.4,0.434,0.249,11,27,1,20,0.043,0.265,0.208,1000000
525,Michael Harris II,ATL,Batter,368,93,-0.4,0.317,0.234,6,44,12,22,0.027,0.209,0.21,8000000
526,Chad Stevens,LAA,Batter,14,5,-0.4,0.154,0.154,0,0,0,1,0,0.5,0.154,760000
527,Pablo Reyes,NYY,Batter,34,25,-0.4,0.226,0.242,0,2,1,4,0.059,0.294,0.194,760000
528,Luis Matos,SFG,Batter,98,31,-0.4,0.387,0.214,5,12,2,11,0.051,0.163,0.172,780000
529,MJ Melendez,KCR,Batter,52,16,-0.4,0.17,0.173,1,1,0,4,0.058,0.385,0.085,760000
530,Mark Vientos,NYM,Batter,254,66,-0.4,0.361,0.28,6,24,0,22,0.067,0.244,0.223,788750
531,Seth Brown,ATH,Batter,76,38,-0.4,0.262,0.303,1,3,1,6,0.118,0.303,0.185,760000
532,Ryan Kreidler,DET,Batter,44,17,-0.4,0.105,0.19,0,0,2,5,0.091,0.432,0.105,760000
533,Jared Triolo,PIT,Batter,160,55,-0.4,0.266,0.253,3,10,5,12,0.106,0.181,0.158,760000
534,Jose Miranda,MIN,Batter,36,12,-0.4,0.25,0.167,1,5,0,2,0,0.361,0.167,760000
535,Bryan De La Cruz,ATL,Batter,50,16,-0.4,0.213,0.24,0,0,1,1,0.06,0.36,0.191,760000
536,Ronny Simon,MIA,Batter,56,19,-0.4,0.277,0.327,0,5,0,6,0.125,0.125,0.234,760000
537,David Fry,CLE,Batter,73,31,-0.4,0.299,0.219,3,5,1,5,0.068,0.411,0.149,781900
538,Jorge Mateo,BAL,Batter,65,32,-0.4,0.279,0.231,1,3,14,7,0.062,0.354,0.18,3550000
539,Nathaniel Lowe,WSN,Batter,402,96,-0.4,0.392,0.294,14,61,1,44,0.085,0.274,0.227,10300000
540,Yuli Gurriel,SDP,Batter,40,16,-0.4,0.139,0.2,0,3,0,2,0.1,0.2,0.111,760000
541,Jon Berti,CHC,Batter,96,45,-0.4,0.222,0.25,0,2,9,11,0.052,0.208,0.2,2000000
542,Jarred Kelenic,ATL,Batter,65,23,-0.4,0.3,0.231,2,2,0,7,0.077,0.354,0.167,760000
543,Matt Mervis,MIA,Batter,134,42,-0.4,0.383,0.254,7,14,0,15,0.082,0.373,0.175,760000
544,Nick Martini,COL,Batter,111,43,-0.4,0.294,0.288,1,4,0,9,0.081,0.162,0.225,760000
545,Trenton Brooks,SDP,Batter,37,20,-0.4,0.306,0.189,1,2,0,5,0.027,0.351,0.167,760000
546,John Rave,KCR,Batter,80,35,-0.4,0.235,0.269,0,6,4,5,0.113,0.263,0.176,760000
547,Jake Burger,TEX,Batter,286,75,-0.4,0.401,0.259,11,35,1,33,0.028,0.255,0.228,790000
548,Eric Wagaman,MIA,Batter,348,86,-0.4,0.356,0.284,5,33,3,33,0.06,0.195,0.241,770000
549,Josh Bell,WSN,Batter,326,84,-0.5,0.372,0.307,11,36,0,29,0.104,0.175,0.219,6000000
550,Will Wilson,CLE,Batter,74,29,-0.5,0.206,0.243,0,1,1,3,0.081,0.392,0.159,760000
551,Brooks Baldwin,CHW,Batter,169,54,-0.5,0.357,0.271,4,20,3,12,0.053,0.284,0.227,762625
552,JJ Bleday,ATH,Batter,233,62,-0.5,0.358,0.288,8,22,1,30,0.12,0.245,0.191,760000
553,Oswald Peraza,NYY,Batter,160,63,-0.5,0.243,0.213,3,13,1,16,0.069,0.281,0.149,772700
554,Jason Heyward,SDP,Batter,95,34,-0.5,0.271,0.223,2,12,0,9,0.063,0.211,0.176,760000
555,Lane Thomas,CLE,Batter,142,39,-0.5,0.272,0.246,4,11,4,10,0.099,0.31,0.16,7825000
556,Robert Hassell III,WSN,Batter,79,21,-0.5,0.269,0.228,1,8,1,6,0.013,0.266,0.218,760000
557,Jorge Soler,LAA,Batter,300,77,-0.5,0.368,0.288,10,32,0,29,0.087,0.303,0.211,13000000
558,Rece Hinds,CIN,Batter,43,14,-0.5,0.286,0.14,2,3,0,6,0.023,0.465,0.119,760000
559,Kris Bryant,COL,Batter,41,11,-0.5,0.205,0.195,0,1,0,2,0.049,0.317,0.154,27000000
560,Jordan Lawlar,ARI,Batter,22,8,-0.5,0,0.136,0,0,0,1,0.136,0.409,0,760000
561,Tyler O'Neill,BAL,Batter,118,30,-0.5,0.314,0.271,3,11,2,11,0.093,0.271,0.176,16500000
562,Edouard Julien,MIN,Batter,104,29,-0.5,0.319,0.288,2,8,0,8,0.106,0.279,0.198,760000
563,Connor Wong,BOS,Batter,98,34,-0.5,0.149,0.235,0,1,1,6,0.092,0.245,0.149,790000
564,Maverick Handley,BAL,Batter,47,16,-0.6,0.073,0.133,0,3,0,2,0.043,0.383,0.073,760000
565,Johnathan Rodríguez,CLE,Batter,53,21,-0.6,0.22,0.189,0,3,0,4,0.057,0.302,0.14,760900
566,Drew Waters,KCR,Batter,219,71,-0.6,0.316,0.288,1,14,5,21,0.05,0.274,0.243,760000
567,Jose Iglesias,SDP,Batter,203,66,-0.6,0.264,0.294,0,23,2,13,0.059,0.177,0.231,3000000
568,Christian Encarnacion-St...,CIN,Batter,137,36,-0.6,0.377,0.234,6,19,0,13,0.022,0.234,0.208,760000
569,Riley Adams,WSN,Batter,111,34,-0.6,0.305,0.198,4,11,0,12,0.045,0.423,0.152,850000
570,Triston Casas,BOS,Batter,112,29,-0.6,0.303,0.277,3,11,0,5,0.098,0.241,0.182,774000
571,Kevin Newman,LAA,Batter,96,48,-0.6,0.255,0.211,1,8,1,9,0.01,0.188,0.202,2500000
572,Endy Rodríguez,PIT,Batter,57,18,-0.6,0.25,0.246,0,2,0,5,0.088,0.246,0.173,775000
573,Bryan Reynolds,PIT,Batter,390,91,-0.7,0.369,0.287,10,46,3,33,0.077,0.272,0.225,12250000
574,Connor Joe,CIN,Batter,71,32,-0.7,0.254,0.254,0,4,2,2,0.085,0.254,0.19,1000000
575,Jeimer Candelario,CIN,Batter,91,22,-0.7,0.213,0.198,2,10,0,3,0.099,0.319,0.113,760000
576,Daylen Lile,WSN,Batter,121,33,-0.7,0.351,0.283,2,8,3,14,0.058,0.14,0.234,760000
577,Mark Canha,KCR,Batter,125,46,-0.7,0.265,0.272,1,6,0,9,0.056,0.192,0.212,1400000
578,Jonah Bride,MIN,Batter,125,45,-0.7,0.188,0.248,0,5,0,7,0.088,0.312,0.17,760000
579,Joshua Palacios,CHW,Batter,145,51,-0.7,0.305,0.292,3,9,0,11,0.083,0.248,0.203,760000
580,Ben Rortvedt,TBR,Batter,70,26,-0.7,0.111,0.186,0,6,0,2,0.1,0.2,0.095,760000
581,Joc Pederson,TEX,Batter,146,46,-0.7,0.238,0.269,2,6,1,10,0.137,0.192,0.131,18500000
582,Sean Bouchard,COL,Batter,73,32,-0.7,0.242,0.247,1,7,1,7,0.096,0.37,0.167,760000
583,Leody Taveras,SEA,Batter,180,58,-0.7,0.304,0.226,3,17,9,13,0.028,0.278,0.205,760000
584,Luis Rengifo,LAA,Batter,334,89,-0.7,0.319,0.276,4,22,2,30,0.051,0.18,0.236,5950000
585,Brenton Doyle,COL,Batter,331,82,-0.8,0.322,0.254,7,30,9,33,0.066,0.26,0.202,765000
586,Kyle Farmer,COL,Batter,220,68,-0.8,0.345,0.264,4,20,0,12,0.045,0.218,0.218,2500000
587,Adael Amador,COL,Batter,102,33,-0.8,0.225,0.24,1,5,1,3,0.098,0.245,0.146,760000
588,Jordan Walker,STL,Batter,191,55,-0.8,0.295,0.267,3,23,3,21,0.063,0.33,0.21,770800
589,DaShawn Keirsey Jr.,MIN,Batter,72,59,-0.8,0.145,0.139,1,4,6,7,0.028,0.333,0.101,761250
590,Anthony Santander,TOR,Batter,209,50,-0.8,0.304,0.273,6,18,0,14,0.115,0.263,0.179,9140600
591,Jacob Amaya,CHW,Batter,68,34,-0.8,0.113,0.119,0,7,2,6,0.029,0.221,0.097,760000
592,Orlando Arcia,COL,Batter,122,42,-0.9,0.276,0.23,2,6,0,7,0.049,0.197,0.19,760000
593,Alex Verdugo,ATL,Batter,213,56,-0.9,0.289,0.296,0,12,1,21,0.066,0.146,0.239,760000
594,Vinny Capra,CHW,Batter,105,47,-0.9,0.177,0.157,1,6,2,10,0.029,0.238,0.125,760000
595,Hunter Renfroe,KCR,Batter,108,35,-1,0.242,0.241,0,4,0,5,0.074,0.194,0.182,760000
596,Keibert Ruiz,WSN,Batter,267,68,-1,0.318,0.277,2,25,0,19,0.03,0.097,0.247,5375000
597,Andrew Vaughn,MIL,Batter,209,53,-1,0.362,0.239,7,29,0,12,0.043,0.215,0.206,5850000
598,Martín Maldonado,SDP,Batter,141,56,-1,0.295,0.221,4,10,0,8,0.05,0.369,0.178,1000000
599,Josh Rojas,CHW,Batter,177,56,-1.1,0.239,0.244,1,9,4,11,0.085,0.254,0.176,3500000
600,Jacob Stallings,BAL,Batter,115,37,-1.1,0.181,0.211,0,8,0,4,0.052,0.322,0.143,760000
601,Michael Massey,KCR,Batter,209,56,-1.1,0.258,0.221,2,14,1,10,0.024,0.153,0.202,790250
602,Jhonkensy Noel,CLE,Batter,111,49,-1.1,0.215,0.162,2,9,0,12,0.027,0.315,0.14,760000
603,Heston Kjerstad,BAL,Batter,167,54,-1.2,0.327,0.24,4,19,1,16,0.036,0.269,0.192,760000
604,Jac Caglianone,KCR,Batter,138,35,-1.3,0.264,0.196,4,7,1,7,0.043,0.217,0.14,760000
605,Michael Toglia,COL,Batter,305,78,-1.5,0.37,0.272,10,31,3,20,0.085,0.38,0.203,765000
606,LaMonte Wade Jr.,LAA,Batter,220,71,-1.5,0.243,0.271,1,17,1,17,0.114,0.227,0.164,5000000
,Name,,,,,,,,,,,,,,,
